id,first_name,last_name,birth_date
1,Caron,Gerhardt,27.11.2003
2,Ruddie,Hemerijk,08.01.2000
3,Andrea,Buttel,29.08.2001
4,Casie,Pendergrast,25.02.2002
5,Johnette,Ackroyd,23.05.2003
6,Tallie,Beardwood,16.05.2001
7,Cristin,ducarme,06.06.2001
8,Georgetta,Greetham,12.03.2000
9,Winnifred,Weedall,14.10.2002
10,Grove,Arni,09.05.2003
11,Freddie,Skitt,03.08.2002
12,Lacey,Shearwood,18.02.2003
13,Corie,Stonhewer,14.08.2003
14,George,Oleksinski,01.01.2003
15,Leontine,Reubbens,03.09.2003
16,Gearard,Karpenya,27.09.2002
17,Nalani,Ropp,21.11.2000
18,Silvana,Oliff,18.10.2002
19,Pall,Wickling,16.03.2000
20,Salaidh,Guilfoyle,03.03.2003
21,Cullie,Osment,29.07.2002
22,Aigneis,Jackett,28.09.2003
23,Nicolina,Ainscough,19.04.2000
24,Gavrielle,Winder,17.07.2000
25,Osborn,Filipovic,10.11.2000
26,Ally,Reeve,07.12.2002
27,Rey,Ironside,24.02.2002
28,Elwyn,Anselm,10.11.2001
29,Bobbie,Runciman,19.01.2002
30,Arv,Myhill,20.11.2003
31,Gayleen,Karran,26.03.2001
32,Gael,Gatteridge,29.06.2001
33,Munroe,Kydde,03.08.2002
34,Lilias,Maffioni,05.06.2002
35,Philomena,Werrit,23.07.2000
36,Augusto,Jansens,07.03.2003
37,Twyla,Dron,25.02.2000
38,Yolane,Eite,23.08.2003
39,Ike,Hissett,10.10.2002
40,Misty,Pollock,12.05.2000
41,Arvin,Delve,19.04.2002
42,Kele,Abbotts,25.04.2000
43,Ring,Howles,30.08.2000
44,Agace,Gatland,07.03.2000
45,Ramsay,Blinde,21.06.2002
46,Lief,Bantick,22.12.2002
47,Mahmoud,Gull,15.09.2000
48,Nari,Jovasevic,29.04.2002
49,Diahann,Mehew,05.02.2003
50,Alphonse,Jurgen,20.06.2002
51,Sharla,Maylott,25.02.2001
52,Brady,Btham,11.12.2001
53,Guthry,Kellar,19.03.2003
54,Aldo,Rook,19.11.2001
55,Jerrome,Roantree,23.02.2000
56,Odey,Flury,18.11.2002
57,Elston,Fison,24.11.2000
58,Perla,Maccree,02.05.2003
59,Nichole,Gepp,09.09.2003
60,Frasier,Gostage,20.03.2002
61,Loralee,Walburn,18.11.2001
62,Spence,Heine,05.09.2000
63,Dov,MacIlhagga,10.06.2001
64,Mable,Rime,12.10.2002
65,Keenan,Aizik,11.06.2000
66,Jsandye,Milhench,21.11.2000
67,Dorris,Trighton,10.11.2001
68,Early,Padillo,25.09.2002
69,Megen,Pettersen,12.04.2003
70,Lyndsey,Rackley,04.11.2002
71,Any,Nacey,06.01.2003
72,Cally,Shevlane,21.08.2000
73,Anetta,Hills,15.07.2002
74,Jarrett,Rooper,10.02.2000
75,Aggi,Collingworth,19.11.2001
76,Cordi,Schwandt,05.11.2000
77,Austina,Bulter,30.10.2003
78,Ailyn,Lyttle,17.02.2003
79,Sarine,Tort,21.09.2003
80,Ardine,Phizackerly,19.08.2001
81,Dulce,Fiddler,26.02.2000
82,Kassandra,Braime,08.09.2000
83,Patrizius,Allflatt,10.05.2003
84,Goddard,Ilyin,15.01.2000
85,Libbie,Rumin,27.09.2002
86,Abe,Woloschinski,17.08.2003
87,Dennison,Brittle,13.09.2000
88,Harman,Darwin,28.05.2001
89,Nathan,Challes,13.05.2000
90,Paolina,Esparza,20.08.2001
91,Lyda,Hamlet,24.04.2000
92,Nanny,Sames,23.11.2001
93,Winifield,Newlin,20.10.2001
94,Samantha,Midghall,13.05.2000
95,Kellen,Blower,29.03.2002
96,Cecilia,Chaikovski,08.04.2002
97,Georgia,Spering,19.04.2003
98,Gard,Screas,14.10.2003
99,Cordy,Moorrud,12.04.2003
100,Hobie,Weekes,11.03.2002
101,Brina,Ower,09.11.2003
102,Orelie,Grishakin,14.04.2000
103,Madison,Curzon,01.09.2001
104,Richmond,Maurice,15.04.2002
105,Giana,Francecione,04.12.2000
106,Mervin,Cornuau,17.03.2000
107,Seymour,Eyckelbeck,16.11.2000
108,Radcliffe,Aggus,23.04.2002
109,Torie,Fulbrook,04.06.2003
110,Faith,Sparshutt,09.10.2003
111,Markos,Trobridge,29.06.2002
112,Garrik,Issitt,22.01.2000
113,Kev,Sells,15.03.2001
114,Llywellyn,Shanahan,31.12.2000
115,Mariquilla,Comford,18.01.2002
116,Guthrie,Downie,25.12.2002
117,Torry,Hourahan,26.04.2002
118,Colby,Reisin,01.12.2001
119,Portia,MacGlory,23.04.2000
120,Hedwig,Eykel,20.11.2003
121,Deerdre,Moorhead,07.01.2002
122,Imogen,But,19.11.2003
123,Jemmy,Crosetti,01.09.2002
124,Lyda,Becconsall,02.04.2002
125,Gabi,Sinkin,25.10.2003
126,Cordey,Stinton,20.07.2003
127,Jaine,Suero,21.01.2002
128,Cherry,Pleasants,07.07.2003
129,Tades,Broadey,04.02.2000
130,Reinwald,McIlmorie,01.05.2003
131,Nichole,Sidgwick,17.10.2002
132,Derrik,Box,08.09.2003
133,Garvey,Graybeal,09.09.2000
134,Melicent,Cornelissen,17.11.2003
135,Walton,Fenn,24.04.2001
136,Karen,Burds,08.08.2003
137,Shirlee,Urian,09.09.2000
138,Sandye,Meah,15.05.2001
139,Wernher,Conklin,15.02.2002
140,Mandi,Hyndson,09.02.2001
141,Cleo,Teodoro,02.12.2000
142,Brew,Meade,19.03.2000
143,Maridel,Haddrell,11.08.2001
144,Hamish,Royce,15.02.2003
145,Gabey,Fronsek,13.11.2000
146,Hugh,Axleby,04.10.2003
147,Minta,Scotson,24.09.2003
148,Rodger,Gorden,10.04.2003
149,Shirlene,Klewer,23.01.2003
150,Iormina,Mapledoore,19.01.2002
151,Say,Walsom,14.06.2002
152,Cordula,Lakes,16.01.2000
153,Rosalinde,Egdale,22.12.2002
154,Thorn,Shieber,24.03.2002
155,Reeba,Edgeller,18.04.2001
156,Robby,Siemon,10.11.2000
157,Aurea,Dearle-Palser,12.11.2001
158,Haleigh,Prestwich,28.08.2002
159,Gaylene,Waby,16.02.2001
160,Dexter,Franckton,03.07.2000
161,Gregory,McKennan,21.10.2002
162,Niccolo,Bartoszewicz,09.05.2003
163,Hayley,Haysman,11.09.2000
164,Hayden,Moller,31.10.2000
165,Jena,Cuttings,19.02.2001
166,Emilia,Boatwright,06.08.2001
167,Lorrie,Coughtrey,19.06.2002
168,Sheri,Wylder,30.06.2003
169,Lucine,Carvilla,04.05.2002
170,Kanya,Fedorchenko,03.11.2003
171,Hetti,Heeron,29.03.2003
172,Elvera,Ordemann,25.06.2000
173,Flor,Chishull,07.03.2001
174,Reuven,Rodolfi,09.07.2000
175,Gard,Kirsz,14.01.2003
176,Pavlov,Madoc-Jones,29.01.2003
177,Willyt,Huggins,12.11.2002
178,Davidde,Chomley,30.03.2003
179,Christie,Novotne,31.01.2002
180,Mathian,Dillestone,04.08.2002
181,Jayson,Spencelayh,03.04.2001
182,Errol,Oliva,08.03.2002
183,Deanna,Foakes,08.04.2003
184,Zolly,Jess,15.07.2001
185,Farlay,Slowan,20.06.2000
186,Janeva,Shemmin,09.05.2002
187,Teressa,Curlis,05.09.2001
188,Ulysses,Murcott,29.12.2003
189,Sarita,Ostick,03.12.2001
190,Jarib,Le Grys,28.01.2003
191,Belinda,Sutter,13.05.2002
192,Walther,Rottgers,06.05.2001
193,Sandye,Beneyto,25.06.2002
194,Bevon,Thow,04.04.2003
195,Enos,O'Donnell,23.08.2002
196,Harold,Pere,11.08.2001
197,Ira,Lightoller,24.07.2000
198,Joyan,Cabel,05.10.2002
199,Leeann,Gouck,13.04.2002
200,Colleen,Dupoy,18.03.2001
201,Shannon,Solomonides,24.08.2002
202,Jacquette,Ramplee,27.08.2001
203,Crysta,Guyer,03.03.2000
204,Jo,Tuddenham,23.04.2000
205,Haley,Bonhan,28.03.2003
206,Billie,Whayman,10.08.2000
207,Garrik,Deverose,28.12.2001
208,Dew,Osbourn,10.04.2001
209,Horatius,Cleverly,07.05.2000
210,Bale,Hain,15.10.2001
211,Rancell,Garriock,24.08.2002
212,Normie,MacAllen,26.04.2002
213,Laurie,Haldon,10.06.2002
214,Waite,Pinchen,14.01.2000
215,Lorrie,Getley,28.08.2002
216,Lenore,Meininger,16.12.2000
217,Berty,Whaites,27.06.2002
218,Crawford,Dearnaly,03.01.2000
219,Martica,Perrin,28.01.2001
220,Arabelle,Levey,20.05.2000
221,Harwilll,Danskine,14.05.2002
222,Lilyan,Pococke,07.06.2000
223,Cosetta,Bouchier,02.11.2000
224,Antonetta,Kleinhaus,26.07.2003
225,Marga,Potteril,09.04.2003
226,Alys,Bunn,26.09.2003
227,Araldo,Creavin,21.11.2001
228,Waiter,Behnke,14.05.2001
229,Tasha,Romke,17.12.2001
230,Astrid,Ghioni,07.07.2001
231,Aldus,Jellard,02.05.2003
232,Betsey,Tippin,16.10.2003
233,Corissa,Bispo,15.02.2003
234,Rebekah,Willshire,13.12.2000
235,Talbert,Sleight,21.02.2003
236,Belia,McKinn,18.11.2003
237,Sherlock,Croy,07.03.2000
238,Verene,Butner,18.01.2002
239,Berenice,Sutcliffe,06.06.2002
240,Joellen,Hazlegrove,05.02.2003
241,Clementine,Larmour,20.01.2000
242,Sunshine,Fulham,24.08.2001
243,Cody,Elderkin,24.06.2002
244,Lou,Gellan,16.06.2003
245,Gibby,Point,29.11.2003
246,Stephan,Bailey,14.04.2002
247,Jinny,Zuppa,13.01.2003
248,Anselma,Castelluzzi,20.05.2003
249,Daloris,Kersey,07.03.2002
250,Erminie,Jeffrey,25.09.2000
251,Cyrill,Batchellor,08.10.2000
252,Tanhya,Allner,21.07.2001
253,Ingeberg,Moulsdale,29.07.2002
254,Quintina,Dunbar,10.02.2002
255,Babita,Van Cassel,31.10.2002
256,Gilbertina,Rowett,20.09.2003
257,Simeon,Tudbald,21.01.2000
258,Rhiamon,Whitaker,12.04.2000
259,Maxine,Bizzey,15.01.2001
260,Hillel,Pershouse,31.07.2001
261,Olin,Ranaghan,14.03.2000
262,Gael,Cockill,14.12.2003
263,Gerhardine,Lamperti,12.12.2002
264,Brooke,Czaple,14.04.2001
265,Darbee,Alesi,17.12.2002
266,Rica,Maisey,04.01.2000
267,Rania,Lilliman,24.10.2001
268,Hendrick,Enochsson,12.12.2000
269,Derrik,Duchenne,24.09.2002
270,Constantino,Chadwin,17.07.2001
271,Candida,Sturley,26.03.2003
272,Atlanta,Diggons,06.05.2000
273,Traver,Quayle,20.07.2003
274,Gianna,Rains,19.09.2001
275,Shem,Rotherforth,25.01.2003
276,Gran,Rousel,03.09.2000
277,Dulcie,Lowing,12.08.2003
278,Aili,Harbach,30.09.2003
279,Aurelea,Easterfield,21.09.2002
280,Michelle,Winsiowiecki,09.12.2001
281,Ric,Kitchen,16.03.2001
282,Leupold,Cattenach,03.01.2003
283,Mariann,Orrum,02.07.2000
284,Lev,Seekings,29.10.2000
285,Anna-maria,Jirusek,27.08.2002
286,Ramsey,Accum,13.07.2001
287,Mariska,Speechley,14.08.2002
288,Arleta,Eliassen,04.07.2003
289,Brigitte,Gladman,03.04.2003
290,Milena,Addionizio,13.07.2002
291,Lance,Cutill,07.08.2003
292,Zandra,Cridlan,24.05.2001
293,Malva,Mains,07.10.2003
294,Maximilianus,Sleite,26.10.2000
295,Lory,Philippon,10.04.2003
296,Jennie,Hacon,04.11.2001
297,Alfonso,Beneix,22.12.2003
298,Alexa,Tixier,25.04.2003
299,Linnea,Mills,12.02.2001
300,Katharyn,Glasspool,22.07.2002
301,Barret,Penhalewick,28.09.2001
302,Dahlia,Paddingdon,18.09.2000
303,Briney,Grassot,10.04.2000
304,Megan,Busain,21.06.2002
305,Teddy,Feldon,21.06.2001
306,Leon,Bassick,31.01.2003
307,Christan,Newbigging,03.04.2001
308,Vernen,Bartczak,28.02.2002
309,Edie,Bryceson,11.09.2002
310,Merill,Gallimore,03.07.2000
311,Madelin,Gillyatt,13.04.2000
312,Rufus,Crooke,06.02.2002
313,Allina,Craiker,06.12.2003
314,Grant,Dunniom,05.05.2002
315,Rosemarie,Slocket,19.08.2001
316,Abagail,Cornbell,28.12.2002
317,Adrienne,Ferens,07.05.2002
318,Roi,Schulke,10.01.2001
319,Julissa,McMickan,19.07.2001
320,Miof mela,Warrender,23.08.2001
321,Annemarie,Danahar,18.01.2000
322,Carol-jean,Aggis,16.03.2000
323,Terence,Coger,24.07.2003
324,Wolfgang,Gudahy,11.07.2002
325,Erie,Warin,23.04.2002
326,Layton,Depport,30.04.2001
327,Molli,Bolitho,07.11.2001
328,Laryssa,Cazereau,03.08.2002
329,Shannen,Marchelli,23.12.2003
330,Stearne,Hulse,07.06.2000
331,Anson,Scambler,28.05.2000
332,Findlay,Jelley,06.01.2000
333,Corliss,Cliburn,21.09.2000
334,Haily,Hellier,18.11.2000
335,Petr,Gonthard,13.02.2002
336,Marven,Mowsdill,21.07.2001
337,Jermain,Renac,03.10.2001
338,Luz,Kyllford,30.11.2003
339,Ring,Ofen,27.01.2001
340,Lefty,Hardeman,05.04.2003
341,Chevy,Puller,17.01.2003
342,Michel,Borgnol,19.11.2001
343,Kessiah,Connealy,19.12.2000
344,Bobbie,Newlove,26.10.2002
345,Heddi,Killimister,27.09.2002
346,Sibilla,Lodevick,08.11.2003
347,Karlen,Bussetti,27.01.2000
348,Leyla,Carsberg,14.06.2003
349,Cathie,Turbat,30.11.2000
350,Bertrando,Michele,01.01.2003
351,Heinrik,Girkins,01.09.2002
352,Lauretta,Fenimore,21.07.2001
353,Melicent,Berndt,04.11.2001
354,Mariska,Elleray,12.11.2002
355,Willamina,Spellicy,27.04.2003
356,Doralia,Tuffin,05.07.2002
357,Elwin,Moulster,23.08.2003
358,Stephana,Mugford,23.07.2003
359,Zeb,Davidofski,25.11.2002
360,Halie,Giuroni,16.12.2000
361,Fredrika,Ineson,05.05.2002
362,Eldridge,Coulter,19.09.2000
363,Elia,Este,23.08.2001
364,Felicio,Kerwood,01.04.2003
365,Nicolis,Haugh,14.02.2001
366,Thaddeus,Croxley,10.06.2003
367,Bondon,Rushbrooke,05.03.2001
368,Karrah,Rainsdon,16.05.2002
369,Tarra,Leban,25.12.2001
370,Aland,Willers,13.04.2002
371,Jesse,Hachette,03.05.2000
372,Karalynn,Iozefovich,03.04.2003
373,Aloysius,Joliffe,25.05.2002
374,Clywd,Margrett,13.02.2000
375,Galen,Hindsberg,25.10.2002
376,Immanuel,Margrem,25.04.2003
377,Benson,Gilliam,16.07.2001
378,Christy,Kiltie,09.10.2001
379,Rhiamon,Ashcroft,23.11.2000
380,Gauthier,Moran,25.04.2000
381,Jemimah,Filinkov,03.09.2003
382,Bobine,Forre,30.10.2001
383,Katy,Bruun,23.01.2001
384,Killian,Fordy,23.09.2000
385,Melli,Hoggetts,28.11.2002
386,Dion,Novkovic,04.09.2000
387,Sharon,Romanin,26.06.2003
388,Leann,Watford,07.04.2000
389,Gwendolen,Keemer,11.05.2000
390,Robinet,Cronkshaw,07.09.2002
391,Cyrillus,Seymer,07.11.2001
392,Ruttger,Acock,07.01.2001
393,Giuseppe,Bolam,29.06.2001
394,Nappie,Trevino,08.01.2003
395,Modestine,Tussaine,12.01.2000
396,Tasha,Goodram,11.08.2002
397,Burty,Bloys,10.04.2001
398,Benjamen,Ingerith,11.08.2001
399,Terry,Sultana,25.12.2001
400,Filippa,Colebeck,18.02.2003
401,Michaelina,Iban,24.07.2003
402,Gino,Tesh,06.07.2001
403,Tucky,Perell,21.06.2003
404,Noami,Bowley,03.05.2001
405,Brigit,Siveyer,31.12.2002
406,Timoteo,Latchford,07.03.2002
407,Freedman,Thebe,14.08.2002
408,Isacco,Rutherfoord,18.09.2002
409,Fraser,Brockton,29.06.2000
410,Sascha,Magrannell,19.06.2002
411,Joete,Ortler,06.02.2003
412,Riva,LLelweln,08.11.2000
413,June,McDaid,11.04.2000
414,Gay,Wetherell,24.05.2001
415,Alvis,Stimpson,22.10.2002
416,Scott,Lambis,04.11.2002
417,Jeddy,Gumery,18.07.2001
418,Pansy,Oakes,11.11.2000
419,Clarine,Heighton,16.05.2001
420,Cleo,Arenson,21.09.2000
421,Denny,Cortese,20.10.2003
422,Harland,Dreus,23.02.2001
423,Hali,Lodwick,09.01.2002
424,Kathlin,Hurne,21.12.2000
425,Juanita,Menicomb,24.08.2001
426,Dickie,Leuchars,06.08.2002
427,Jackquelin,Fulep,18.08.2001
428,Steve,Betteney,20.08.2001
429,Coreen,Longland,30.09.2002
430,Cale,Westcarr,01.10.2000
431,Flint,Coneley,07.11.2001
432,Lazar,Meharg,02.05.2001
433,Bryant,Barrim,19.12.2000
434,Hugo,Oswal,24.05.2001
435,Donaugh,Eitter,14.12.2000
436,Darlleen,Ottewell,24.05.2001
437,Angelo,Hosby,08.02.2002
438,Lorette,Geekin,30.12.2000
439,Conan,MacKellar,07.10.2000
440,Henryetta,Letterick,22.02.2000
441,Roma,Summerbell,01.04.2001
442,Sophey,Spight,09.05.2003
443,Solly,Thrustle,27.02.2001
444,Silas,Masden,23.07.2002
445,Candis,Kingdom,12.07.2000
446,Kasey,Plover,24.11.2000
447,Jacquelin,Arkil,17.07.2001
448,Sande,Davidai,09.06.2000
449,Tiebold,Le feuvre,17.07.2003
450,Alberik,Sharer,13.04.2000
451,Kimbell,Wallhead,05.05.2001
452,Woodie,Van der Brug,17.12.2003
453,Guillema,Barnett,09.04.2001
454,Jarad,McKerlie,26.12.2001
455,Gilberta,Lownie,22.08.2001
456,Jennilee,Zellick,29.06.2001
457,Eden,Braunds,21.10.2000
458,Cindy,Watton,01.01.2003
459,Perl,Buscher,17.09.2002
460,Hermia,Grzegorzewski,08.07.2003
461,Opal,Lardner,31.01.2000
462,Billie,Yosevitz,31.01.2001
463,Isador,Skrine,25.01.2001
464,Culver,Legate,06.06.2001
465,Langsdon,Bigland,12.04.2000
466,Prudi,Medway,22.10.2002
467,Catarina,Tilbrook,23.11.2003
468,Catharina,Verrechia,11.11.2000
469,Antonin,Capes,05.12.2002
470,Bryana,Carmo,21.01.2003
471,Lilia,Negro,01.12.2000
472,Harmonie,Muddle,22.08.2002
473,Woodrow,Benion,12.07.2000
474,Sibeal,Gaffey,24.06.2002
475,Kelwin,Grelka,25.10.2002
476,Benetta,Carswell,22.03.2000
477,Christalle,Branche,15.09.2003
478,Aylmar,Brickham,03.01.2002
479,Eleanor,Bassingham,27.02.2000
480,Carissa,Pullen,15.10.2001
481,Laurie,Facey,06.12.2001
482,Jobina,Clotworthy,05.06.2001
483,Preston,Collinson,24.10.2002
484,Esma,Pavolini,14.12.2001
485,Cathee,Keyes,06.03.2001
486,Tobe,De Maria,24.11.2000
487,Talya,Ivain,27.01.2002
488,Heidi,Matczak,05.12.2000
489,Erinna,Skilling,07.06.2003
490,Wendall,McGoogan,18.12.2001
491,Karena,Gilhooly,02.08.2000
492,Des,Beeho,27.11.2003
493,Janis,Urey,01.06.2000
494,Yelena,Klosa,27.12.2002
495,Scotty,Joslin,20.12.2003
496,Cedric,Chainey,01.03.2000
497,Benoite,Nealand,19.03.2003
498,Morley,Norcliff,24.05.2003
499,Darleen,Abbe,29.10.2001
500,Hugh,Raittie,24.02.2002
501,Koren,MacBrearty,08.09.2000
502,Kristoffer,Yarnton,06.08.2000
503,Paolo,Rosettini,02.03.2003
504,Shannon,Sleite,27.07.2000
505,Jo,Penrith,21.02.2001
506,Ester,Guerry,12.05.2000
507,Marcus,Janusik,04.08.2000
508,Linoel,Lawday,19.12.2003
509,Fianna,Roles,24.11.2003
510,Dora,Poppleton,19.01.2000
511,Kenon,Kenrat,02.12.2001
512,Osbourn,Bogays,13.06.2000
513,Jayson,Thornley,30.01.2003
514,Vanni,Fergusson,26.12.2001
515,Augustine,Dunseath,16.09.2001
516,Agathe,Vanyakin,13.11.2001
517,Laney,Towson,19.04.2000
518,Sigmund,Birkmyre,22.02.2001
519,Mame,Espina,09.03.2002
520,Dawn,Higounet,16.10.2000
521,Flynn,Blundin,29.06.2000
522,Clerc,Feitosa,27.04.2003
523,Mile,Rodenburgh,01.03.2001
524,Luci,Sulland,31.07.2002
525,Stafford,Rawsthorne,09.04.2001
526,Ody,Askwith,23.08.2003
527,Basilius,Cahey,14.04.2001
528,Karisa,Blesli,01.10.2001
529,Alberto,Rany,21.02.2002
530,Easter,Dibden,14.10.2002
531,Karmen,Marton,27.11.2002
532,Dene,Brennenstuhl,13.12.2001
533,Elvyn,Yankin,23.02.2002
534,Cori,Letixier,01.02.2002
535,Tadd,Wylie,21.06.2002
536,Tait,Mouat,16.05.2000
537,Kevin,Shinn,10.12.2002
538,Augustina,Wessel,22.06.2001
539,Gerhardine,Biddiss,05.04.2001
540,Karlee,Daton,06.08.2000
541,Patti,Whannel,11.11.2001
542,Bernete,Kondrachenko,16.01.2003
543,Chauncey,Mattiessen,08.02.2003
544,Giffie,Ruller,16.10.2003
545,Christian,Capin,05.03.2001
546,Wendy,Scobbie,15.06.2003
547,Patti,Eyckel,20.03.2001
548,Sabra,Duding,15.08.2001
549,Carena,Scammell,27.10.2001
550,Susanna,Cassells,08.08.2002
551,Sydney,Hullot,24.01.2001
552,Nessa,Bosma,10.05.2003
553,Rickie,Aslott,24.12.2000
554,Natalee,Martinez,26.03.2000
555,Micky,Ferrey,26.11.2000
556,Franky,Hembry,09.07.2000
557,Betsy,Egell,11.01.2002
558,Maribelle,Marriage,24.10.2001
559,Elene,Oldham,20.06.2000
560,Durante,Zotto,25.03.2002
561,Andriana,Raatz,21.11.2003
562,Werner,Olivari,13.01.2002
563,Rois,Kestell,23.08.2000
564,Amalita,Posselwhite,19.10.2000
565,Anica,Tibald,28.02.2001
566,Ruddy,Orys,27.06.2001
567,Hadria,Strongitharm,21.09.2003
568,Junie,Harnett,09.02.2003
569,Cahra,Soppit,05.04.2002
570,Anna,Bayston,03.02.2000
571,Drucie,Farleigh,05.12.2003
572,Daria,Denham,03.05.2001
573,Hasheem,McKimmey,01.12.2002
574,Anjanette,Trowill,18.10.2002
575,Darrick,Gherardi,07.02.2000
576,Giulio,Wyper,09.07.2001
577,Hollie,Greensted,05.10.2000
578,Gawain,Stallen,22.10.2000
579,Joane,Stonhard,14.09.2002
580,Wylma,Kisbee,31.10.2001
581,Melinde,Nazaret,08.04.2000
582,Kelcy,Sandbrook,15.06.2003
583,Boycie,Boulden,12.12.2002
584,Barr,Stonier,05.09.2003
585,Todd,Godney,07.03.2002
586,Brnaba,Morse,14.02.2002
587,Emelen,Stallan,13.03.2001
588,Zelda,McRory,11.04.2003
589,Rinaldo,Escalera,17.08.2000
590,Everard,Norrie,12.08.2003
591,Elwin,O'Henecan,03.01.2001
592,Immanuel,Markovic,09.05.2001
593,Alex,Runcieman,15.07.2001
594,Laurent,Barnet,26.08.2000
595,Royce,Howman,26.09.2003
596,Jasper,Jeanneau,15.11.2002
597,Emmit,Slayton,25.02.2002
598,Grace,Ambrosoni,22.09.2002
599,Brett,Gumbrell,06.07.2001
600,Myrvyn,Waddams,18.11.2002
601,Evelina,Enriques,24.12.2001
602,Johan,Bowler,02.03.2003
603,Norris,McNee,07.08.2000
604,Joye,Penna,01.01.2003
605,Angeline,Ridolfo,05.10.2000
606,Maryl,Delong,01.04.2001
607,Marie-jeanne,Atwood,29.08.2003
608,Nari,Speek,25.02.2003
609,Rosella,Marquese,30.08.2002
610,Abdel,Melly,10.04.2002
611,Chauncey,Roder,18.03.2000
612,Johnna,Snashall,16.05.2000
613,Gabriello,Caitlin,01.08.2002
614,Nola,Sommers,29.09.2002
615,Lilah,Bierton,23.06.2003
616,Dorie,Gutowski,10.06.2003
617,Bliss,O' Dornan,21.08.2000
618,Giordano,Kliement,26.10.2000
619,Connor,Flade,19.09.2001
620,Reggy,Korda,11.01.2002
621,Brittan,Hymans,09.07.2001
622,Renata,Copeland,14.08.2001
623,Ertha,Walbrook,10.06.2001
624,Linette,Matisoff,12.07.2002
625,Jannel,O'Heyne,22.01.2001
626,Nertie,Ablett,31.05.2002
627,Boyce,Danelet,21.09.2002
628,Alejandra,Teece,16.09.2002
629,Mace,Patnelli,24.07.2003
630,Barnaby,Penddreth,20.01.2003
631,Haleigh,Inman,12.06.2003
632,Jordain,Thunnerclef,20.03.2002
633,Marielle,Huyhton,22.03.2001
634,Stavro,Bromilow,03.08.2003
635,Nickolaus,Payton,15.03.2002
636,Zedekiah,Baiss,25.11.2003
637,Mindy,Dilston,25.12.2000
638,Shannan,Wiltshire,14.08.2003
639,Catina,Simms,14.03.2001
640,Cornie,Alp,21.08.2001
641,Tarrance,Dalla,08.05.2003
642,Jourdan,Spurriar,16.03.2002
643,Lauren,O'Lagen,24.01.2001
644,Enrique,Slesser,07.07.2000
645,Seline,Bulstrode,01.07.2000
646,Matthias,Sogg,06.12.2001
647,Leupold,Thornbarrow,23.11.2002
648,Brandon,Randle,24.12.2002
649,Pauly,Petett,08.11.2003
650,Nikki,Hebron,25.08.2000
651,Langsdon,Szymczyk,11.05.2001
652,Stanislaw,Shutle,04.02.2002
653,Mirelle,Carlozzi,07.08.2001
654,Fleming,Hembling,18.11.2003
655,Griselda,Tixier,30.03.2000
656,Bobbe,Cloy,08.08.2003
657,Penelopa,Mowbray,10.03.2001
658,Lewie,Hambidge,11.11.2001
659,Rad,Greatorex,11.12.2000
660,Zebadiah,Bysshe,10.04.2000
661,Kalinda,Rawstorn,25.04.2002
662,Mignonne,Desouza,21.03.2002
663,Allen,Beauvais,14.02.2000
664,Faustine,Briffett,16.06.2003
665,Nesta,Dobbyn,15.08.2001
666,Renault,Covely,31.01.2000
667,Clarette,Broscombe,08.05.2003
668,Dell,Francis,01.11.2002
669,Marmaduke,Poupard,24.12.2001
670,Sibyl,Hobbema,20.07.2000
671,Gleda,Becker,03.03.2000
672,Ailis,Kairns,17.03.2001
673,Legra,Brakewell,29.10.2000
674,Gwenore,Caffrey,23.03.2003
675,Elie,Pellatt,05.12.2000
676,Yorker,Fairnington,24.07.2000
677,Valentina,Carvil,25.07.2000
678,Hartwell,Atkins,07.03.2000
679,Sax,Ormrod,30.04.2001
680,Maggie,Server,14.08.2003
681,Augie,Baily,12.08.2000
682,Ingar,Padillo,30.11.2000
683,Katha,Escudier,30.08.2001
684,Beryl,Voules,14.08.2002
685,Chad,Delves,27.08.2000
686,Hammad,Duignan,16.11.2002
687,Claus,O'Bradain,17.03.2003
688,Cornela,Took,31.05.2002
689,Koralle,Souter,11.07.2003
690,Giavani,Tregunna,27.05.2000
691,Tristan,Giacovazzo,17.05.2002
692,Merrill,Errett,18.04.2002
693,Sean,Duckworth,27.04.2001
694,Ingemar,Lattka,26.07.2003
695,Xerxes,McGerraghty,15.06.2000
696,Cissy,Rossander,11.09.2001
697,Silvie,Lashmore,15.08.2001
698,Will,Schollick,29.07.2003
699,Constanta,Drillingcourt,15.10.2000
700,Alla,Pleass,12.12.2001
701,Lorens,Biddleston,03.05.2001
702,Avrit,Myrick,05.05.2003
703,Patsy,Fratson,03.07.2002
704,Cord,Gadie,28.05.2003
705,Trever,Coulter,10.09.2002
706,Cicily,Peert,10.01.2001
707,Kylie,Ohlsen,26.11.2000
708,Grete,Filasov,20.05.2001
709,Wyatt,Edlington,26.04.2003
710,Ravid,Grenshields,04.04.2003
711,Lilah,Nugent,10.11.2003
712,Lara,Brownsey,23.04.2002
713,Bidget,Belderson,12.11.2000
714,Katuscha,Lello,17.11.2001
715,Lindon,Caddy,08.05.2000
716,Amelita,Cossins,27.09.2002
717,Kirbee,Howsden,11.04.2003
718,Daren,Harbisher,21.10.2002
719,Mark,Fergie,13.12.2000
720,Christian,Balaison,16.01.2003
721,Wendall,Dunk,02.07.2003
722,Rabi,Moughtin,31.08.2000
723,Fawne,Cancelier,15.01.2002
724,Bambie,Atling,24.09.2003
725,Jackelyn,McNiven,16.12.2002
726,Buckie,Drabble,17.06.2001
727,Alix,Dayley,16.04.2003
728,Willdon,Juhruke,28.07.2002
729,Niel,Mitchell,14.06.2000
730,Kaleb,Callister,28.07.2000
731,Thorin,Draper,24.01.2000
732,Olivero,Raubheim,28.02.2000
733,Brantley,Wyldish,29.10.2002
734,Beverlee,Lehrmann,30.07.2000
735,Eydie,Gingle,10.07.2002
736,Clemmie,Key,25.09.2001
737,Jimmie,Chsteney,01.07.2002
738,Ruperto,Pardey,09.09.2000
739,Porter,Kinsella,23.10.2003
740,Kathi,Dorcey,11.12.2001
741,Clarine,Ungerechts,07.05.2000
742,Leodora,Heball,07.04.2003
743,Ermina,Beggan,06.10.2003
744,Cristian,Barkas,30.10.2003
745,Yolande,Burrell,19.12.2000
746,Piotr,Kunat,02.09.2002
747,Stephanus,Lithcow,03.05.2000
748,Loraine,Panter,26.10.2002
749,Carlin,Klicher,28.11.2000
750,Northrop,Stallon,11.04.2000
751,Peadar,Bohlens,09.10.2003
752,Beret,Morewood,22.10.2000
753,Constantine,Sauvain,24.02.2002
754,Rosie,Crady,06.03.2003
755,Emanuel,Obert,23.07.2003
756,Evangelia,Tumber,23.11.2003
757,Viviana,Linnard,17.11.2000
758,Stace,Monery,20.12.2003
759,Morris,Phillipson,08.08.2001
760,Nelle,Raoult,06.02.2000
761,Jobie,Chitty,24.06.2003
762,Christoph,Maffulli,27.12.2003
763,Claudell,Skyrme,02.05.2002
764,Malorie,Paolo,07.02.2001
765,Lucita,Batchan,15.05.2001
766,Gale,Gammons,22.09.2000
767,Jason,Kubin,21.07.2002
768,Michelle,Eick,05.05.2002
769,Nicholle,Thomason,09.04.2003
770,Lura,Zini,08.05.2002
771,Iver,MacGillicuddy,28.01.2003
772,Babbette,Oxx,11.07.2000
773,Mannie,Wauchope,14.05.2003
774,Joelie,Wickey,07.02.2001
775,Bernardo,Marsh,17.11.2002
776,Harris,McKinnell,10.12.2002
777,Sidnee,Kielt,28.03.2003
778,Cordy,Blazej,08.01.2002
779,Henderson,Brunnstein,25.04.2001
780,Martainn,Mutch,25.01.2003
781,Amalle,Larvor,05.01.2001
782,Alika,Byatt,23.10.2001
783,Donielle,Phettis,18.05.2002
784,Clementina,Cleeves,03.11.2002
785,Christina,Geillier,17.06.2003
786,Lorrayne,Flegg,20.11.2003
787,Tiphany,Van't Hoff,17.08.2001
788,Bonny,Djurdjevic,28.11.2003
789,Harlan,Domsalla,05.12.2002
790,Merridie,Doxsey,15.11.2001
791,Stephan,Nyland,05.09.2001
792,Malinda,Label,10.03.2002
793,Sonnie,Blowne,10.09.2001
794,Osborne,Lawlie,24.08.2000
795,Carina,Eicke,14.07.2002
796,Daisy,Pancoust,14.04.2003
797,Ruben,Yuryshev,16.02.2000
798,Chickie,Ashe,15.04.2001
799,Ame,Lemarie,13.05.2002
800,Quinta,Linklet,21.03.2001
801,Linnea,Fiveash,13.12.2002
802,Helyn,Brisker,26.05.2003
803,Ortensia,Balassi,25.07.2003
804,Casi,Blackston,27.09.2003
805,Kilian,Gonnel,13.07.2001
806,Katrinka,Kinneally,14.07.2000
807,Gustaf,Pelzer,03.07.2003
808,Paquito,Sheekey,18.11.2001
809,Bernard,Allix,25.10.2002
810,Joelynn,Trobridge,06.03.2000
811,Myrta,Hamblington,01.02.2003
812,Reyna,Elgy,06.02.2003
813,Walliw,Standon,14.09.2001
814,Dyanna,Rexworthy,12.07.2001
815,Lorettalorna,Dominguez,11.05.2003
816,Krystalle,Codner,10.08.2002
817,Wilton,Jemmett,18.07.2003
818,Connie,Grishkov,13.05.2001
819,Zorana,Shera,20.09.2002
820,Errol,Busch,04.03.2002
821,Vivienne,Merle,27.01.2001
822,Anstice,Screas,22.12.2002
823,Leslie,Taylo,12.06.2000
824,Amble,McAlarney,18.01.2003
825,Valentijn,Cominoli,09.12.2003
826,Zia,Hounsham,07.08.2003
827,Cele,Say,04.08.2003
828,Shannan,Bolstridge,08.02.2003
829,Amalita,Sonnenschein,02.09.2000
830,Sheena,Ternent,03.06.2001
831,Christan,Emnoney,17.02.2003
832,Leonardo,Pimm,13.05.2003
833,Walsh,Bellee,20.11.2003
834,Dale,Applegate,04.09.2003
835,Dinah,Heggs,08.11.2001
836,Erastus,Ingrey,13.10.2001
837,Gare,Posthill,07.02.2003
838,Dollie,Molson,09.07.2001
839,Fredek,Strood,19.02.2003
840,Felic,Francescoccio,18.02.2002
841,Silvana,Jedrasik,03.04.2000
842,Katha,McGeown,16.01.2003
843,Andeee,Pettitt,18.10.2001
844,Dreddy,McEnery,20.12.2002
845,Kort,Kelberer,22.02.2002
846,Alexandr,Jacobowicz,08.06.2003
847,Laughton,Calyton,13.04.2000
848,Skip,Greatrakes,28.01.2002
849,Hallsy,Buckeridge,19.01.2002
850,Benni,Silley,15.08.2002
851,Fidole,Harborow,13.09.2002
852,Bibbie,Hainsworth,28.01.2001
853,Felipa,Herreros,12.01.2002
854,Merrill,Davidek,31.10.2002
855,Fairleigh,Hindes,03.01.2001
856,Berty,Starkie,24.11.2000
857,Lissie,Deabill,31.12.2000
858,Pru,Davage,05.05.2003
859,Fianna,Grunnill,19.09.2002
860,Wynn,Sleet,09.10.2001
861,Paddie,Pilley,11.11.2002
862,Vivyan,Jackman,17.12.2000
863,Rodolphe,Capaldo,27.08.2003
864,Bertram,Goater,29.03.2002
865,Paco,Tunstall,24.03.2002
866,Alana,Ruckledge,24.05.2001
867,Erwin,Genty,01.03.2003
868,Win,Marjoram,24.07.2002
869,Abby,Norsworthy,10.12.2000
870,Gaylene,Dye,19.01.2003
871,Brad,Eliyahu,16.01.2003
872,Terrell,MacMaykin,25.03.2002
873,Kristien,Lakeman,24.10.2000
874,Wynny,Theakston,24.03.2001
875,Bonnee,De Cruz,04.03.2002
876,Clayson,Slowgrove,21.07.2003
877,Helenka,Velez,28.01.2002
878,Sibby,Gardiner,24.05.2003
879,Winslow,Morigan,10.08.2002
880,Constantia,Brugh,01.07.2001
881,Leanna,Blofield,30.08.2000
882,Cornela,Haldin,05.12.2000
883,Hermy,Lummus,03.05.2001
884,Allyn,Shaxby,03.10.2003
885,Rubia,Waby,01.05.2002
886,Erhart,Castanos,18.05.2002
887,Kendall,Coslett,18.11.2003
888,Arte,Lauritzen,02.08.2003
889,Sidnee,Winsome,06.06.2001
890,Garald,Sall,18.02.2001
891,Crin,MacAless,07.10.2002
892,Pavlov,Starkey,01.01.2003
893,Ker,Enns,12.02.2003
894,Charline,Christescu,11.07.2003
895,Thekla,Khomin,27.09.2002
896,Murielle,Chessor,03.03.2003
897,Felice,O'Cullinane,22.08.2003
898,Floria,Blackshaw,27.04.2001
899,Sigismund,Vedmore,10.09.2003
900,Hobie,Child,05.03.2001
901,Aeriela,Reddington,29.05.2002
902,Cesar,Clever,06.11.2000
903,Patrizio,Karle,12.05.2000
904,Aldon,Leadbetter,20.01.2001
905,Cheston,Grut,20.10.2001
906,Melisent,Hilliam,20.11.2000
907,Eleonora,Moller,20.10.2002
908,Juieta,Aldwinckle,06.03.2000
909,Bartlett,Cosgry,17.08.2003
910,Ronalda,Conyer,15.04.2001
911,Blair,Pettican,05.05.2001
912,Hugibert,Schellig,08.09.2003
913,Gabey,Fawdrey,07.08.2001
914,Thurstan,Tant,12.02.2002
915,Kennith,Marwick,21.09.2003
916,Byrle,Mangan,19.12.2002
917,Blisse,Greger,14.04.2000
918,Jammie,Hawket,23.04.2001
919,Mavra,Pennini,26.08.2002
920,Ryun,Clement,26.11.2002
921,Brandice,Simmill,29.05.2003
922,Edd,Cathro,08.07.2003
923,Nikolai,Geraldi,21.07.2000
924,Neddie,Talloe,04.09.2003
925,Erie,Fetherstan,29.01.2003
926,Rafferty,Bartali,25.11.2002
927,Lillian,Bambra,10.04.2000
928,Davin,Dunaway,09.04.2003
929,Godard,Notton,11.02.2000
930,Jackquelin,Lockier,07.01.2000
931,Samantha,Aloway,28.04.2001
932,Ines,Warcup,14.12.2003
933,Sabrina,Bhatia,20.03.2001
934,Giusto,Witcombe,02.10.2002
935,Friedrich,Vlies,04.12.2003
936,Valentijn,Pail,14.07.2002
937,Dougie,Fanshawe,29.08.2002
938,Vite,Covil,29.01.2002
939,Ebba,Canavan,22.12.2003
940,Hewe,Philps,14.02.2000
941,Dorrie,Folan,05.10.2001
942,Thatch,von Grollmann,21.08.2000
943,Dew,Fincham,19.03.2001
944,Prue,Vyvyan,07.04.2000
945,Delores,Kingsley,25.04.2002
946,Erwin,Dumbreck,17.02.2000
947,Nerita,Molnar,19.11.2001
948,Geri,Orknay,29.09.2000
949,Temple,O'Lennachain,01.12.2003
950,Calv,Lampard,18.06.2001
951,Beulah,MacShirie,08.08.2003
952,Freddi,Skellen,25.08.2002
953,Leona,McElhargy,26.08.2001
954,Connie,Week,25.12.2002
955,Holly,Bourner,15.09.2002
956,Marcy,Bensusan,02.03.2003
957,Kevin,Patkin,09.02.2003
958,Robin,Zolini,29.09.2000
959,Corri,Peaseman,18.03.2002
960,Gardy,Nanson,17.06.2000
961,Darin,McCarry,28.10.2001
962,Clara,Churchill,22.06.2001
963,Ivett,Vasilyev,06.09.2003
964,Flo,Merredy,07.01.2000
965,Archibald,Kobiela,11.11.2001
966,Briano,Berzons,16.07.2002
967,Elvyn,O' Cloney,15.07.2003
968,Lorettalorna,Phlippi,30.06.2002
969,Flory,Withrop,04.09.2002
970,Malanie,Folbig,24.02.2003
971,Ephrayim,Hobben,02.11.2002
972,Derrik,Clackson,19.02.2001
973,Lucais,Lernihan,09.12.2003
974,Zaria,Berends,09.09.2002
975,Ted,Cheale,02.02.2000
976,Tadio,Dimberline,17.01.2001
977,Dun,Fraschini,22.02.2002
978,Kirsti,Menhenitt,17.02.2002
979,Bordy,Edmunds,24.03.2001
980,Tonye,Ollier,02.07.2002
981,Tobe,Mauger,04.09.2001
982,Corbet,Jiru,06.10.2000
983,Yorke,Cosin,16.12.2001
984,Gwenora,Glason,12.06.2003
985,Leola,Denis,20.05.2000
986,Shea,Hullin,27.05.2002
987,Milicent,Towler,30.03.2001
988,Warden,Nower,01.07.2000
989,Merrill,Wathell,10.06.2000
990,Ripley,Coupar,15.06.2001
991,Ynez,Morgans,15.11.2000
992,Wenonah,Ruppel,10.01.2003
993,Gallard,Billborough,18.06.2002
994,Tirrell,Tate,16.01.2000
995,Husein,Boater,19.01.2001
996,Rikki,Rigby,21.12.2001
997,Rici,Pym,03.06.2002
998,Wanda,Layzell,23.05.2000
999,Cheri,Alsford,05.08.2001
1000,Patton,Hovell,13.09.2003
