id,first_name,last_name,birthdate
1,Blithe,Avrahamov,06.04.2014
2,Kinnie,Domenico,15.12.2003
3,Pail,Darrigoe,05.06.2013
4,Spencer,Pulsford,05.02.2006
5,Sigfried,Lodewick,03.02.2012
6,Buffy,Cherrison,02.10.2014
7,Buddy,Spadari,02.06.2006
8,Beverley,Gaymer,02.11.2010
9,Adolphe,Rochelle,07.10.2014
10,Carlee,Tithecott,24.05.2014
11,Nevil,Pinnock,04.11.2005
12,Derby,Chadband,08.11.2014
13,Davis,Schulter,10.04.2007
14,Eachelle,Kender,18.06.2015
15,Sher,Lovart,19.08.2004
16,Feodor,Tybalt,24.09.2005
17,Coletta,Gillbee,04.09.2007
18,Bamby,Dome,20.07.2007
19,Gottfried,Matherson,30.01.2011
20,Concettina,Schoenfisch,14.06.2002
21,Ashlan,Rosendale,23.07.2010
22,Victoir,Blazek,19.09.2003
23,Pate,Roget,28.03.2010
24,Krystyna,Pittham,16.01.2011
25,Bennie,Sacase,22.08.2010
26,Giustino,Shaylor,04.12.2014
27,Henry,Muro,07.09.2013
28,Carley,Georghiou,06.02.2006
29,Barron,Helks,07.05.2002
30,Carma,Calkin,26.07.2005
31,Lotta,Fosken,20.03.2014
32,Valeda,Hulburt,24.12.2001
33,Joellyn,Fenny,23.04.2011
34,Salim,Scholcroft,14.03.2015
35,Idell,Vakhrushin,19.10.2013
36,Jilli,Ruffler,01.03.2010
37,Merrel,Jesse,17.09.2003
38,Georgianne,Uebel,29.11.2011
39,Trace,Sidgwick,05.09.2012
40,Merl,McQuie,09.10.2004
41,Chris,Harron,25.04.2008
42,Livvyy,Micheau,16.03.2013
43,Peggie,Antoniottii,29.04.2005
44,Irita,Willmer,10.11.2014
45,Emile,Lathy,29.01.2003
46,Brok,Dean,30.08.2006
47,Urbanus,Burditt,26.03.2010
48,Maryjane,Merrin,03.06.2002
49,Ina,Dorant,11.01.2016
50,Leola,Shimony,16.06.2006
51,Sybila,Grouvel,14.03.2007
52,Emmalynn,Elphee,30.09.2007
53,Bree,Grangier,19.11.2003
54,Patty,Delyth,10.12.2012
55,Aleksandr,Creevy,16.05.2015
56,Burton,Willett,18.04.2013
57,Brande,Tilne,31.07.2005
58,Kienan,de Merida,03.11.2013
59,Justus,Leas,10.11.2001
60,Barnett,Kiledal,26.04.2013
61,Sheelagh,Shireff,11.07.2005
62,Spense,Bethune,10.02.2005
63,Devy,Kenford,02.02.2014
64,Jenny,Fidelli,10.01.2011
65,Elvin,Barnes,07.01.2012
66,Auguste,Cabell,23.03.2013
67,Salomo,Lumsdall,25.01.2010
68,Cherri,Fierro,24.05.2008
69,Janek,Ruben,17.01.2014
70,Kati,Lyness,13.07.2008
71,Roseanne,Soloway,10.07.2013
72,Donaugh,Allcott,12.08.2002
73,Thea,Yaneev,31.12.2002
74,Arin,Vase,17.09.2015
75,Sharron,Rodolico,15.02.2008
76,Jess,Giacobbo,25.03.2003
77,Courtnay,MacCartair,27.02.2004
78,Melisse,Hammerson,18.04.2005
79,Drucie,Ateggart,20.02.2003
80,Cchaddie,La Batie,10.03.2007
81,Shayna,Goare,26.12.2011
82,Carlynn,Hebard,19.01.2002
83,Nathalia,Redborn,24.09.2008
84,Melonie,Kiwitz,23.03.2014
85,Howey,Balogun,21.11.2008
86,Fitzgerald,Lowle,10.10.2004
87,Yule,Patterson,03.02.2004
88,Nellie,Rojas,17.07.2001
89,Carla,Chamberlen,13.10.2009
90,Lynnelle,Lapham,23.02.2010
91,Maddi,Caberas,23.10.2016
92,Rose,Birrane,22.02.2014
93,Steve,Verrell,19.05.2009
94,Spencer,Pettett,26.09.2003
95,Gifford,Friett,05.12.2013
96,Melitta,Grane,05.03.2014
97,Karleen,Askwith,27.11.2007
98,Krissy,Henriksson,01.02.2008
99,Robinet,Metts,08.05.2005
100,Shayna,Lecointe,18.10.2015
101,Elvera,Joselevitch,14.09.2005
102,Laird,Surmon,17.08.2015
103,Tiffany,Mulloch,26.07.2004
104,Kenna,Heifer,16.11.2007
105,Chantalle,Clac,22.04.2012
106,Alwin,Tarrier,08.06.2006
107,Claudelle,Moggle,21.01.2016
108,Starlene,Woolaston,21.07.2014
109,Jackson,Riccetti,16.05.2002
110,Beltran,Brandli,10.06.2010
111,Trixie,Gartland,14.11.2013
112,Prinz,Attoe,13.07.2010
113,Rod,Croux,14.03.2014
114,Wendye,Kemmer,09.08.2016
115,Thaxter,Luciano,04.06.2002
116,Esra,Haggish,06.02.2002
117,Saw,Cheney,30.05.2013
118,Merna,Schechter,30.06.2009
119,Pearline,Heads,05.06.2008
120,Amabel,Nutman,12.05.2002
121,Breanne,Pantin,05.04.2004
122,Chanda,Arents,02.02.2007
123,Godard,Uzzell,09.08.2006
124,Malchy,Kenton,12.02.2014
125,Yank,Epple,26.10.2007
126,Blithe,Dowzell,24.07.2001
127,Harmony,Humberston,14.11.2015
128,Chelsey,Seeking,23.05.2004
129,Will,Valois,16.06.2003
130,Brod,Kubera,21.06.2015
131,Stuart,Witchalls,06.12.2009
132,Gal,Kemwal,03.07.2015
133,Eliza,Driffield,31.01.2002
134,Harriot,Tubb,29.07.2010
135,Lemmie,Clemetts,17.08.2012
136,Elfie,Valente,15.12.2010
137,Merle,Lankham,22.03.2007
138,Brook,Buxton,25.09.2005
139,Leonanie,Eichmann,19.11.2012
140,Tadeas,Brantzen,22.01.2013
141,Giusto,Braid,08.02.2010
142,Willi,Luxmoore,16.07.2007
143,Scotti,Barefoot,21.10.2001
144,Babette,Amery,19.10.2006
145,Cob,Yashunin,08.10.2016
146,Rosie,Pepon,17.11.2011
147,Frans,Fookes,26.02.2009
148,Phillip,Eagles,22.04.2016
149,Ario,Denisyev,22.10.2006
150,Glynda,Tortoise,21.08.2010
151,Aleta,Hoyer,26.09.2006
152,Bob,Cicchinelli,09.08.2002
153,Camala,Conyers,13.04.2007
154,Cyril,Chipps,15.12.2001
155,Urson,Rodear,23.11.2016
156,Matilda,Gumley,19.12.2003
157,Skye,Molen,04.02.2013
158,Germaine,Pfeifer,02.10.2002
159,Myra,Breacher,10.02.2007
160,Marcia,Springthorp,06.07.2011
161,Ginger,Hubeaux,28.04.2004
162,Wallis,Ruseworth,16.04.2004
163,Jillayne,McClory,09.04.2010
164,Shina,Chevalier,06.09.2001
165,Birk,Sweett,15.10.2011
166,Lida,Herety,04.02.2016
167,Floris,Bottomer,03.09.2016
168,Yolanda,Lamers,11.04.2003
169,Patricia,Denyukhin,20.06.2014
170,Arturo,Anderson,05.07.2001
171,Byron,Nowick,29.12.2013
172,Grazia,Minor,18.05.2002
173,Ulick,Behr,05.04.2014
174,Adriaens,Megahey,15.07.2001
175,Iggie,Andrieux,09.06.2010
176,Joey,Guice,16.06.2010
177,Julietta,Diggar,07.11.2010
178,Jorie,Harburtson,28.04.2016
179,Loraine,Lyokhin,18.08.2003
180,Val,Taplin,26.08.2012
181,Bartolomeo,Vinton,21.11.2009
182,Gilemette,Senechault,07.04.2008
183,Wallace,Paulsen,25.07.2003
184,Barbi,Munt,11.07.2002
185,Giffard,Solon,18.02.2010
186,Alberta,Savery,10.05.2007
187,Ferdie,Dillon,16.04.2003
188,Nikki,Ceney,12.06.2013
189,Romona,McNelly,12.05.2009
190,Lizette,Longden,15.11.2002
191,Jerry,Wortman,28.04.2016
192,Andie,Guilloton,09.09.2008
193,Atalanta,Wallbutton,21.09.2010
194,Morey,Coan,04.11.2001
195,Tansy,Du Barry,20.10.2006
196,Irma,Purseglove,09.03.2007
197,Nadine,Mackness,11.05.2001
198,Bartlett,Gallamore,28.07.2007
199,Jewelle,Morcombe,09.01.2008
200,Griffith,Comizzoli,05.10.2014
201,Ellissa,Janaway,28.05.2007
202,Conny,Baude,22.06.2006
203,Chrisy,Glidder,24.04.2013
204,Wadsworth,Stables,21.04.2012
205,Joelynn,Macourek,03.05.2005
206,Armstrong,Klimashevich,26.12.2007
207,Abie,Ashbrook,01.01.2007
208,Edvard,O'Shields,11.11.2012
209,Magda,Edens,07.05.2014
210,Benjamin,Clibbery,21.04.2015
211,Glennis,Francis,24.04.2004
212,Wilek,Izkovici,09.02.2002
213,Joel,Freschini,14.10.2003
214,Vilhelmina,Martineau,14.02.2008
215,Kippy,Mattityahou,30.11.2015
216,Berk,Ind,01.10.2012
217,Kerwinn,Armatidge,19.03.2002
218,Brnaby,Morgue,27.04.2004
219,Toddy,Kennerley,31.08.2012
220,Kerr,Hall-Gough,06.09.2004
221,Germana,Benedyktowicz,14.06.2015
222,Alis,Danson,16.03.2008
223,Hallie,Creus,25.04.2014
224,Catherin,Robbings,22.02.2014
225,Michaeline,Littledike,12.04.2008
226,Barnard,Aggis,29.07.2013
227,Dael,Jachimiak,09.08.2009
228,Steffie,Boutwell,01.05.2010
229,Billi,Kempshall,07.11.2011
230,Blanche,Meadus,05.09.2008
231,Nap,Addinall,17.07.2005
232,Aldus,Shakesbye,18.02.2001
233,Eilis,Pellew,02.03.2002
234,Lebbie,Sager,26.01.2003
235,Ingemar,Strowther,29.01.2008
236,Joseito,Rikard,04.08.2015
237,Aigneis,Uzelli,16.05.2005
238,Iggy,Blackeby,29.06.2003
239,Uriah,Spencock,22.04.2001
240,Rice,Cabrales,12.03.2012
241,Isa,Perritt,14.10.2014
242,Tyrus,Scrivener,18.10.2013
243,Tiffie,Ruffey,22.01.2016
244,Aurie,Cordeau],05.10.2007
245,Lauritz,Waller,01.05.2007
246,Farrah,Dwelley,04.01.2001
247,Fernando,Froment,26.03.2014
248,Cosetta,Grimestone,02.05.2002
249,Berne,Marlen,30.05.2008
250,Millie,Pinilla,16.12.2016
251,Jennette,Bynold,20.11.2012
252,Remy,Di Roberto,26.01.2008
253,Alfred,O'Fallone,12.03.2005
254,Marlowe,McElrea,20.11.2001
255,Pebrook,Salandino,28.02.2004
256,Carmelina,Hallatt,02.10.2004
257,Wat,Witherby,23.04.2003
258,Brendin,McCloy,28.09.2001
259,Teri,Waplington,30.05.2011
260,Xymenes,Renvoise,15.07.2015
261,Annecorinne,Finan,26.04.2013
262,Avigdor,Fyall,01.09.2014
263,Benedicta,Szymczyk,29.11.2009
264,Park,Du Fray,21.08.2009
265,Abra,Winton,15.05.2005
266,Brennan,Vivien,17.12.2015
267,Ferdinanda,Etoile,04.07.2005
268,Elset,Samworth,09.03.2005
269,Welby,Yandle,28.10.2009
270,Maryl,Paike,15.02.2005
271,Jarrad,Nicholl,16.07.2013
272,Luther,Slessor,19.12.2005
273,Drusilla,Llewhellin,06.09.2012
274,Hazel,Nucciotti,17.06.2004
275,Alon,Tempest,03.05.2009
276,Meyer,Moens,14.12.2001
277,Robinett,Gumby,22.08.2016
278,Krystalle,Dewi,28.12.2011
279,Shea,Pexton,10.01.2013
280,Bucky,Olyet,07.05.2016
281,Lennard,Neumann,30.12.2009
282,Welsh,Clohissy,14.06.2007
283,Emmy,Gladdolph,23.12.2010
284,Caresa,Darkin,02.05.2014
285,Kiele,Romney,30.05.2010
286,Hillery,Wethered,22.11.2008
287,Ophelie,Sibary,10.02.2001
288,Edik,Bickle,08.05.2015
289,Theda,Penhearow,28.08.2004
290,Veronika,Swansborough,04.03.2001
291,Georgette,Lippard,17.11.2015
292,Thia,Try,12.08.2013
293,Halsy,Flobert,01.11.2001
294,Vinni,Toomey,05.12.2004
295,Huberto,Coales,20.10.2015
296,Calv,Blaxill,15.10.2005
297,Ortensia,Rattery,15.12.2013
298,Hill,Merriman,30.11.2006
299,Bethena,Mothersdale,01.01.2009
300,Loren,Lademann,03.12.2012
301,Marietta,Pettitt,06.03.2012
302,Channa,Sevier,07.12.2008
303,Vick,Tresvina,30.03.2001
304,Augustina,Ruhben,27.10.2003
305,Mitzi,Bunn,17.11.2010
306,Kane,Krolle,19.08.2002
307,Sheilah,Crosse,20.02.2011
308,Candide,Beinisch,22.11.2007
309,Lauree,Feavyour,29.06.2002
310,Carmencita,Moyle,08.02.2007
311,Anita,Sulman,17.05.2014
312,Kaylyn,Kibbye,06.06.2013
313,Dillie,Eaglesham,14.05.2009
314,Justino,Strowthers,08.09.2014
315,Marve,Conn,21.07.2015
316,Estelle,Gerson,17.01.2004
317,Orv,Scurman,22.05.2007
318,Denni,Colleer,28.09.2002
319,Kathi,Love,28.09.2006
320,Elton,Brave,02.03.2003
321,Peder,McGilbon,22.11.2009
322,Legra,Sawyer,03.10.2001
323,Andreana,MacAdie,20.05.2013
324,Courtney,Doblin,01.04.2012
325,Orin,Risdall,20.05.2004
326,Estell,Yearby,14.07.2001
327,Dirk,Fearneley,25.08.2011
328,Duke,Boydon,03.09.2004
329,Kippar,Lohden,09.05.2011
330,Cosette,Bellanger,14.06.2012
331,Chas,Bakey,07.06.2002
332,Jason,Andrzejowski,04.09.2011
333,Dennie,O'Regan,17.03.2005
334,Salem,Cunniffe,17.10.2005
335,Esra,Wickett,28.05.2005
336,Guss,Willimont,08.11.2015
337,Chrissy,Farrand,27.05.2005
338,Cornall,Ibbotson,09.08.2009
339,Nico,Portwain,14.10.2002
340,Lise,Espinosa,02.07.2007
341,Jessa,Rubbert,28.08.2016
342,Hodge,Kerbey,18.08.2005
343,Maris,Monks,31.03.2012
344,Paige,Franseco,28.05.2006
345,Perry,Gove,07.06.2006
346,Lila,Twitchett,13.08.2005
347,Arty,Coase,28.07.2008
348,Clarke,Rennison,23.05.2004
349,Juanita,Spedding,25.12.2014
350,Pierette,Murname,04.05.2001
351,Cynthia,Passfield,24.01.2002
352,Laughton,Masarrat,30.01.2015
353,Susana,Boylund,12.01.2011
354,Margette,McAlister,22.03.2007
355,Laughton,Durtnell,21.02.2004
356,Leupold,Persence,11.05.2005
357,Hilton,Perrett,22.11.2016
358,Ulrika,Headley,09.06.2015
359,Giralda,Wilbore,17.09.2009
360,Audie,Wathall,15.08.2009
361,Mollee,MacParland,18.04.2010
362,Joaquin,Smallcombe,08.08.2010
363,Binky,Crasford,26.09.2003
364,Cassy,Wellington,06.11.2016
365,Allie,Elwood,13.02.2005
366,Yard,Igonet,07.02.2013
367,Nonnah,De Lacey,28.12.2011
368,Olivero,Lemme,13.10.2015
369,Robinet,Pennacci,19.12.2009
370,Ofelia,Thalmann,17.03.2011
371,Gypsy,Meardon,28.04.2013
372,Albina,Astling,01.01.2011
373,Bianca,Cowdry,20.10.2011
374,Bernarr,Forte,09.12.2007
375,Ring,Jancy,14.12.2007
376,Clement,Haylor,28.01.2016
377,Edmund,MacTerlagh,27.01.2007
378,Chandra,Kitchingman,19.08.2013
379,Meggi,Look,10.05.2015
380,Lorin,O'Crowley,25.07.2008
381,Isadora,Bassil,29.06.2011
382,Amabelle,Piperley,24.11.2005
383,Margarita,Todaro,14.04.2013
384,Roanna,Hearn,28.02.2016
385,Rustie,Shekle,12.09.2005
386,Ronnie,Bisley,04.06.2016
387,Aggi,Sauter,25.12.2005
388,Cristin,Kielt,17.02.2004
389,Kris,Meadus,31.03.2016
390,Hedda,Peskett,17.09.2004
391,Jobina,Rodell,02.11.2013
392,Kelvin,Ellacott,29.04.2003
393,Jamima,Yellop,16.06.2005
394,Federica,Chevins,24.03.2013
395,Piotr,Edie,17.03.2007
396,Jackson,Kardos,17.06.2015
397,Madelaine,Thorndycraft,06.08.2007
398,Keely,Salaman,25.06.2016
399,Robinet,Capozzi,21.01.2003
400,Lishe,Kettleson,27.05.2016
401,Angela,Blaymires,23.02.2005
402,Alvinia,Phibb,18.01.2007
403,Angie,Menzies,10.02.2004
404,Archaimbaud,Havard,07.06.2006
405,Karna,Larose,21.09.2006
406,Rosemonde,Bellwood,25.08.2001
407,Nellie,Durgan,25.07.2011
408,Jedd,Cornhill,14.07.2013
409,Kyla,Mushawe,19.11.2003
410,Horatia,Pearde,23.05.2015
411,Charlot,Cloutt,06.01.2015
412,Ofilia,Silverson,10.09.2011
413,Danella,Tall,25.11.2008
414,Ryan,Zimmer,24.02.2001
415,Alf,Trolley,10.02.2005
416,Cos,Studde,03.03.2002
417,Ingamar,Dawton,28.03.2014
418,Staci,Sandys,13.02.2006
419,Jesselyn,Clother,15.08.2008
420,Lusa,Hostan,23.06.2001
421,Vincents,Phlipon,08.06.2016
422,Sheeree,Vickerman,16.05.2016
423,Skipton,Dri,23.05.2008
424,Nicoline,Twycross,02.01.2008
425,Phoebe,Mundall,02.10.2006
426,Brandtr,Neeves,21.04.2001
427,Skipton,Roscamp,13.11.2008
428,Abby,Worlock,14.01.2014
429,Ripley,Trett,06.10.2005
430,Anastasie,Coghill,19.08.2001
431,Audrie,Radwell,28.07.2014
432,Selle,Gomar,23.06.2015
433,Zebulen,Papes,01.07.2006
434,Lazaro,Sprosson,01.10.2009
435,Aimee,Britton,29.08.2008
436,Ekaterina,Deal,08.01.2004
437,Myriam,Chantrell,28.02.2009
438,Andra,Mundee,15.03.2010
439,Mae,Vagges,20.07.2011
440,Lyndsey,Heeney,01.08.2002
441,Milicent,Ranken,02.08.2003
442,Claire,Gammidge,07.06.2016
443,Lucia,Dahler,17.07.2010
444,Electra,Veschambes,11.01.2008
445,Virgil,Grishanin,29.08.2014
446,Conroy,Cleugh,19.09.2014
447,Ricoriki,McFie,16.09.2010
448,Aimee,Gledhill,09.09.2012
449,Devin,Beaumont,23.04.2001
450,Greggory,Terrington,30.07.2006
451,Rubi,Hayton,28.11.2015
452,Melisse,Huntly,12.09.2003
453,Stacy,Dury,29.11.2015
454,Melantha,Charity,04.11.2001
455,Lesly,Sissel,15.11.2004
456,Idette,Corrin,05.05.2001
457,Herman,Duns,20.03.2009
458,Tab,Gounel,10.01.2004
459,Delmore,Ledekker,30.06.2003
460,Jennilee,South,18.07.2009
461,Isabel,Greenhalf,01.10.2005
462,Gillan,Physick,12.11.2003
463,Ryann,Plues,28.04.2016
464,Gene,Faust,31.05.2004
465,Terri-jo,Matignon,15.02.2004
466,Kelvin,Farish,07.08.2016
467,Toiboid,Ludgate,22.10.2012
468,Paulo,Yesenin,16.04.2004
469,Stephenie,Bentame,11.10.2011
470,Constancia,Sambiedge,06.04.2007
471,Joye,Foskew,22.12.2006
472,Milicent,Ahlin,07.08.2009
473,Elsbeth,Sandeson,17.12.2009
474,Leanna,Yitzovicz,02.05.2013
475,Cairistiona,Anshell,28.05.2005
476,Leesa,Boothman,11.02.2002
477,Trev,Hazeley,06.03.2013
478,Sammy,Frankis,30.05.2002
479,Quill,Flannigan,21.12.2010
480,Pen,Wahncke,27.01.2001
481,Winny,Lindsay,31.05.2014
482,Ardelle,Gillebert,08.04.2007
483,Chrotoem,Palliser,29.05.2002
484,Hannah,Kelson,19.07.2007
485,Adrian,Kettlesing,20.02.2015
486,Cammy,Torrijos,12.04.2015
487,Meagan,Jenken,24.01.2011
488,Matty,Treslove,18.06.2005
489,Maure,de Cullip,28.10.2004
490,Mort,Sabatier,16.07.2015
491,Vinita,Tubb,15.02.2001
492,Alistair,Von Helmholtz,14.10.2004
493,Aubine,Styant,05.11.2005
494,Elenore,Sussems,18.10.2006
495,Brew,Deakes,30.06.2002
496,Ronny,Arthur,26.06.2002
497,Mufinella,Antonowicz,21.12.2016
498,Jeromy,Mountain,06.05.2013
499,Sheridan,Warkup,23.02.2012
500,Hernando,Boldry,22.11.2001
501,Tiffi,Pomfrey,04.11.2001
502,Siana,Mackley,05.03.2011
503,Moll,Vasse,29.06.2008
504,Dana,Mordaunt,17.07.2007
505,Tobiah,Sigward,11.12.2016
506,Mallory,Tunnadine,26.08.2010
507,Sonny,Zannini,01.04.2003
508,Shermy,Blanko,17.07.2005
509,Cornie,Simmig,01.06.2015
510,Olag,Frankling,13.02.2010
511,Susanetta,Gonnel,27.03.2014
512,Gwenny,Beecroft,27.11.2003
513,Karlan,Bernardet,04.12.2013
514,Dagny,Poulney,06.01.2004
515,Timothy,Marsie,05.10.2008
516,Jaye,Flowerdew,27.01.2016
517,Celia,Stirgess,16.09.2008
518,Sam,Deere,23.02.2004
519,Yelena,Bolver,02.11.2003
520,Lanny,Bonas,27.02.2002
521,Luce,Chasteney,02.09.2009
522,Jeffrey,Chattelaine,23.06.2013
523,Dodie,Osman,09.02.2012
524,Bertram,Poytheras,07.05.2007
525,Pepita,Dyson,28.09.2011
526,Milt,Ianni,27.10.2013
527,Barn,Jago,27.07.2009
528,Jared,Clampin,10.02.2001
529,Noland,Striker,17.10.2012
530,Winthrop,Macilhench,22.09.2004
531,Gearard,Cicco,29.04.2005
532,Tiphany,Clohessy,27.09.2004
533,Valentine,Tesauro,07.05.2013
534,Mil,Sperling,09.01.2008
535,Nye,Zold,08.10.2015
536,Daveta,Fawlks,17.11.2003
537,Talia,Huckell,11.01.2006
538,Martita,Errington,10.06.2009
539,Cirilo,Mussetti,23.11.2011
540,Kain,Cholton,29.04.2008
541,Selby,Wrennall,11.10.2015
542,Keen,Blueman,14.03.2016
543,Stacey,Aggis,14.01.2012
544,Yasmin,Masser,27.02.2009
545,Shellysheldon,Barkaway,21.12.2009
546,Ora,Morrieson,27.03.2016
547,Nessie,Temperley,13.01.2012
548,Selma,Dashwood,21.02.2014
549,Linn,Gildea,14.02.2013
550,Cazzie,Calway,21.07.2013
551,Eveleen,Riordan,15.04.2005
552,Emmit,Davers,02.07.2012
553,Randi,Claringbold,13.01.2004
554,Aura,Pressland,26.08.2003
555,Evan,Bareham,15.08.2009
556,Winny,Nanuccioi,23.11.2011
557,Lorens,Younge,20.10.2008
558,Malchy,Frankel,09.08.2008
559,Audie,Dumper,26.08.2013
560,Candie,Purton,15.02.2014
561,Lorain,Villiers,14.10.2001
562,Wallace,Southernwood,23.07.2005
563,Kilian,Swannack,09.04.2002
564,Tony,Sommerfeld,08.02.2003
565,Amandie,Tathacott,13.02.2007
566,Lazar,Lutwyche,01.04.2008
567,Dalston,Ibbetson,18.01.2006
568,Diane,Canner,23.12.2012
569,Georgine,Ledford,05.11.2002
570,Lucho,Fillon,31.12.2008
571,Delmer,Hallihan,07.02.2004
572,Guglielma,Blaycock,18.02.2010
573,Shermie,Zack,19.01.2012
574,Archibold,Clines,05.05.2008
575,Leodora,Deackes,25.05.2008
576,Raul,Bainbridge,19.11.2013
577,Hubie,Freezor,09.04.2015
578,Francesca,Stainton - Skinn,14.07.2009
579,Melicent,Vernazza,08.09.2016
580,Sid,Lobe,21.04.2003
581,Ilyssa,Thunder,07.11.2014
582,Vivia,Hampe,24.06.2011
583,Elianora,Foyston,02.06.2012
584,Olympe,Thirlwell,13.03.2002
585,Joyan,Mordey,01.09.2003
586,Annabel,Ghio,06.12.2002
587,Fremont,Helleckas,01.05.2007
588,Allsun,Novacek,23.09.2006
589,Casi,Shepherdson,31.08.2016
590,Rosina,Challace,09.12.2005
591,Ellynn,Aronsohn,02.12.2010
592,Jozef,Vanetti,20.12.2004
593,Ronny,Hart,28.10.2011
594,Roxanne,Upex,09.08.2005
595,Rania,Davy,13.04.2016
596,Bryce,Echallie,11.09.2001
597,Jobyna,Chorley,14.11.2016
598,Mattheus,Tackell,27.09.2016
599,Harp,Gibbieson,12.11.2014
600,Shawnee,Stair,28.12.2012
601,Collen,Pond,01.12.2006
602,Lissa,Honig,25.10.2002
603,Frieda,Pawlata,27.10.2006
604,Monti,Frill,29.10.2016
605,Coralyn,Begbie,16.09.2003
606,Sophi,Mixture,13.03.2013
607,Maryrose,Swaisland,21.10.2007
608,Lothaire,Eivers,16.11.2002
609,Brittan,Spours,18.02.2011
610,Sheree,Bockings,30.05.2010
611,Yetty,Dominy,28.10.2002
612,Kym,Still,02.05.2013
613,Ulberto,Awton,11.11.2009
614,Margalit,Fairall,30.05.2006
615,Alexi,Coogan,30.07.2005
616,Laureen,Lewsey,03.11.2003
617,Zenia,McGaw,21.12.2014
618,Ketty,Morrell,12.04.2003
619,Verina,Huncoot,03.08.2015
620,Manfred,Laborde,08.03.2015
621,Kaycee,Zanotti,03.04.2012
622,Rozelle,Ferre,10.06.2013
623,Jermayne,Greeveson,13.05.2003
624,Cammie,Mawson,15.02.2009
625,Feliks,Busfield,23.11.2009
626,Waring,Remmer,06.08.2006
627,Ad,Biddles,04.06.2004
628,Petronille,Murie,30.05.2011
629,Mordecai,MacInnes,10.09.2011
630,Syman,Simmon,25.07.2012
631,Washington,Sculpher,17.06.2014
632,Deck,Clandillon,15.10.2006
633,Armando,Toderini,29.06.2012
634,Fawnia,Anker,13.05.2012
635,Casar,Karleman,21.01.2004
636,Elsi,Budd,18.12.2011
637,Newton,Vertey,31.08.2008
638,Beverlee,Roper,09.09.2003
639,Annaliese,Quickenden,14.09.2008
640,Bailey,Truggian,25.05.2003
641,Othilia,Rawsen,17.04.2008
642,Teirtza,Baynes,18.10.2015
643,Bo,Cornehl,30.07.2009
644,Fairleigh,Smoote,09.09.2007
645,Jarrod,Selburn,29.06.2004
646,Sandye,Tedridge,06.03.2013
647,Byrom,Broun,05.11.2008
648,Genni,Likely,23.06.2010
649,Waylen,Mulbery,09.04.2002
650,Kendall,Jeacocke,11.08.2012
651,Camilla,Bernardoux,15.06.2008
652,Emmott,Jarville,25.07.2010
653,Cristina,Cleef,01.04.2011
654,Caitrin,Spaughton,05.02.2003
655,Cherey,Devita,01.02.2008
656,Ginelle,M'Quharg,29.05.2016
657,Sheree,Dugdale,20.05.2001
658,Janis,Newcomb,21.10.2004
659,Laraine,Medford,09.08.2005
660,Gawen,Durrell,24.01.2005
661,Westleigh,Anstie,21.06.2006
662,Hardy,Kippin,27.07.2012
663,Joete,Barneville,12.03.2012
664,Sioux,Gensavage,29.03.2013
665,Goldina,McGawn,27.11.2006
666,Millicent,Graith,07.01.2002
667,Charisse,Wiltsher,15.06.2008
668,Artus,Reston,27.04.2007
669,Berri,Brosch,12.02.2016
670,Miltie,Faier,19.04.2005
671,Tracie,Giacomello,09.08.2010
672,Mellisent,Lincoln,03.09.2009
673,Dela,Neat,05.08.2011
674,Antoni,Rennock,08.12.2003
675,Modestia,Sein,05.12.2010
676,Cyndy,Creeghan,07.01.2001
677,Arlie,Athey,20.10.2016
678,Ruttger,Oran,26.12.2013
679,Lorrie,Drennan,11.09.2009
680,Yolanda,Adam,09.01.2013
681,Leshia,Wile,24.08.2015
682,Gayla,MacCarter,11.09.2013
683,Miguel,Voysey,15.02.2007
684,Sharlene,Everson,07.10.2010
685,Grissel,Iuorio,31.01.2014
686,Freeland,Witcher,18.07.2015
687,Amelina,Marrable,25.04.2015
688,Bernadette,Orth,21.11.2009
689,Nelle,Pyford,05.06.2003
690,Liza,Di Pietro,14.10.2015
691,Mil,Shrubsall,02.06.2008
692,Lark,Fleming,08.12.2005
693,Margret,Millin,30.07.2013
694,Ingemar,Astin,15.06.2003
695,Diego,Battelle,24.12.2010
696,Quincey,Halt,15.02.2014
697,Percy,Cardnell,04.12.2015
698,Andrea,Warlaw,29.11.2005
699,Aylmer,Harmar,05.12.2012
700,Imogene,Moriarty,30.05.2002
701,Elias,Chudleigh,24.10.2013
702,Amanda,Kenworthey,27.10.2005
703,Ulrikaumeko,Quidenham,18.11.2004
704,Shaine,Littledike,01.03.2006
705,Nissy,Domenichelli,28.03.2002
706,Louis,Avramovic,24.09.2007
707,Darnell,Needs,13.08.2014
708,Nilson,Boyde,26.01.2003
709,Charley,Brearton,08.06.2015
710,Dag,Marcussen,23.11.2012
711,Conroy,Petyakov,18.09.2013
712,Adel,Asplen,01.07.2013
713,Hermione,Krammer,08.11.2011
714,Doralin,Grouse,14.01.2007
715,Talbot,Dallywater,23.11.2005
716,Marjorie,Duker,22.05.2007
717,Carey,Wardale,07.06.2010
718,Foster,Adkins,19.09.2013
719,Nikolai,Roadknight,16.07.2010
720,Peirce,Wildblood,03.01.2007
721,Debor,Cawdron,21.01.2008
722,Clemente,Cudiff,27.05.2014
723,Alexio,Gonsalo,09.05.2014
724,Ingrim,Jedras,07.06.2010
725,Cherry,Irvin,01.10.2006
726,Porty,Webb,15.04.2015
727,Drusi,Huggan,22.11.2012
728,Chadwick,McIlwrath,04.11.2001
729,Dwain,Gooday,01.06.2006
730,Etheline,Bartosiak,20.05.2007
731,Alasdair,Macconachy,28.12.2013
732,Fina,Cosstick,14.06.2003
733,Aili,Vasyanin,27.09.2012
734,Sena,Batrick,08.05.2011
735,Sue,Eskrick,13.10.2014
736,Tedman,Keynes,08.06.2008
737,Lorrayne,Gallehock,24.02.2012
738,Elita,Coulthart,13.06.2012
739,Adelind,Virgoe,15.07.2003
740,Howey,Fillan,23.10.2011
741,Tara,Chomiszewski,08.10.2011
742,Doralyn,Dignall,22.03.2007
743,Rosana,Caunt,24.03.2003
744,Roberto,Beert,30.04.2001
745,Sephira,Sambath,11.05.2005
746,Theodoric,Jozsika,13.06.2002
747,Benny,Allbones,10.06.2003
748,Thacher,Norcott,08.10.2001
749,Nappy,Lemonnier,13.05.2011
750,Melisse,Sabine,09.05.2009
751,Jobie,Wrench,11.12.2009
752,Harland,Markus,10.03.2001
753,Cati,Casseldine,19.10.2002
754,Thomasin,Seegar,22.11.2014
755,Arman,Mellsop,27.04.2013
756,Ulrick,Blandamere,18.01.2015
757,Gavra,D'Elia,17.11.2015
758,Letty,McCrie,10.10.2006
759,Carree,Shelmerdine,19.06.2014
760,Fidelity,Petworth,14.12.2012
761,Eleanora,Fellona,26.09.2011
762,Trescha,Mackro,04.03.2001
763,Chantal,Rollo,14.10.2011
764,Marci,Bonass,15.03.2016
765,Jaquelyn,Tolerton,21.10.2012
766,Sal,Sleight,05.12.2001
767,Andriana,Cazin,28.02.2002
768,Maxim,Wheildon,26.09.2004
769,Roxana,Kennifeck,10.11.2003
770,Stacia,Wragge,01.05.2013
771,Jena,Keers,23.02.2012
772,Mellicent,Umney,06.07.2013
773,Joy,Bumphries,28.09.2001
774,Cherilyn,Ravillas,03.01.2004
775,Shoshana,Gilgryst,16.06.2011
776,Roarke,Riccione,29.03.2007
777,Garry,Vernall,06.08.2009
778,Omero,Rowbotham,06.09.2008
779,Catie,Vakhonin,30.10.2012
780,Phylys,Vallender,07.02.2005
781,Bernadette,O'Donegan,17.05.2013
782,Ivette,Eyton,12.01.2002
783,Wilhelm,Sorby,21.09.2010
784,Jamie,Andriveau,19.03.2005
785,Sullivan,Rendle,10.04.2014
786,Justinn,Bonallick,25.10.2005
787,Correy,Niemetz,14.01.2010
788,Jessica,Thumann,03.11.2014
789,Nickola,Joscelyn,31.07.2003
790,Oliver,Gabbidon,18.04.2011
791,Erin,Ansett,17.02.2003
792,Andria,Roscher,07.12.2009
793,Hailey,McKilroe,13.05.2010
794,Gilbertina,Cruse,25.06.2001
795,Elihu,Devers,25.03.2012
796,Alvy,Whittock,19.12.2009
797,Dorothea,McQuaide,29.08.2003
798,Rosana,Manilo,29.05.2016
799,Maude,Ginman,16.05.2010
800,Gardie,Grieswood,05.06.2006
801,Phillip,Deighton,24.01.2016
802,Derick,McGuigan,06.10.2009
803,Deonne,Irwin,08.08.2002
804,Nelson,Andryushin,16.11.2007
805,Miran,Betterton,16.07.2014
806,Marius,Borwick,02.11.2010
807,Courtney,Cowper,20.05.2014
808,Arne,Zanni,24.10.2014
809,Lorri,Pegler,08.12.2010
810,Nataniel,Rudwell,16.05.2008
811,Dore,Dukes,31.10.2013
812,Darcey,Conor,15.02.2007
813,Edd,Hillam,27.02.2002
814,Tomkin,Bromehed,19.08.2007
815,Shelbi,Mecco,24.10.2007
816,Valentia,Maynell,19.12.2005
817,Antoni,Levett,25.03.2015
818,Fax,Peevor,23.05.2004
819,Torry,Pryell,13.11.2007
820,Rutledge,Dyne,12.07.2011
821,Salomon,O'Fallowne,11.06.2007
822,Rozanne,Deason,16.05.2016
823,Maureen,Andrewartha,01.05.2014
824,Chicky,Cordingley,16.03.2004
825,Fawnia,Dranfield,04.07.2016
826,Clyve,Yuryev,30.11.2014
827,Giffard,Proudman,05.03.2016
828,Ulla,Morling,20.09.2015
829,Fabian,Deniscke,27.08.2009
830,Paule,Brame,17.09.2016
831,Rasla,Feedome,24.10.2005
832,Nichole,Steward,22.12.2003
833,Alain,Dober,09.02.2014
834,Horatio,Lynas,08.05.2005
835,Sharlene,Lempel,09.05.2014
836,Mandel,O'Deoran,24.05.2015
837,Kienan,Enefer,30.01.2012
838,Diego,Saddleton,04.04.2015
839,Linoel,Jobern,11.11.2016
840,Xever,Tooting,23.11.2005
841,Rozanne,Wiltshear,30.04.2012
842,Langsdon,Bowe,28.02.2005
843,Rod,Chaucer,14.08.2011
844,Shelia,Karel,20.04.2015
845,Germaine,Colgan,29.05.2009
846,Gasparo,Pickthorne,28.12.2001
847,Aluino,Attawell,12.01.2005
848,Ashby,Greengrass,24.02.2014
849,Sigismundo,Klasen,13.10.2007
850,Tammie,Warrell,20.12.2004
851,Rourke,Tretter,11.04.2002
852,Jeffry,Barnhill,21.10.2004
853,Calypso,Carratt,12.06.2001
854,Filia,Jzak,02.05.2004
855,Itch,Kiddye,25.02.2009
856,Pam,Satteford,24.03.2006
857,Terrence,Ungerechts,01.11.2012
858,Elfie,Strewther,09.09.2002
859,Sunny,Beamish,20.12.2012
860,Drew,Baxstair,13.01.2006
861,Giffer,Carlsen,04.12.2005
862,Laina,Hexham,15.05.2004
863,Nickolaus,Clifton,23.05.2001
864,Nevin,Portsmouth,29.05.2014
865,Kinnie,Beeswing,17.02.2014
866,Abbot,Pietrowicz,06.02.2012
867,Patrick,Remirez,19.12.2011
868,Coleman,Taggert,10.11.2005
869,Domini,Schwand,25.12.2011
870,Martyn,Brennenstuhl,09.12.2002
871,Joelie,Breheny,30.07.2009
872,Marabel,Cartlidge,13.01.2015
873,Gunner,Lavallie,20.02.2004
874,Shawn,Wayper,21.03.2009
875,Babbie,Thorn,16.02.2011
876,Sophie,Eyres,13.11.2005
877,Angelita,Vittore,18.09.2001
878,Margy,Enderwick,18.08.2012
879,Angelo,Warry,16.01.2013
880,Cecilius,Tarney,22.08.2009
881,Rica,Owen,16.05.2011
882,Larina,Bowbrick,07.04.2006
883,Atlante,Pren,24.07.2002
884,Kipp,Di Matteo,20.09.2008
885,Lianna,Bosnell,13.04.2008
886,Parrnell,Brave,04.12.2009
887,Hyacinthie,Surgenor,21.02.2009
888,Lyda,Baynham,10.12.2011
889,Kimberley,Reader,19.07.2014
890,Mable,MacGown,04.11.2012
891,Lida,Leithgoe,13.07.2013
892,Jaquenetta,Southern,09.03.2014
893,Renaldo,Ings,24.06.2001
894,Woodrow,Kingzett,28.04.2007
895,Darlene,Venton,14.04.2001
896,Salim,Thoresbie,01.10.2012
897,Avie,Lieb,07.02.2010
898,Teresita,Ghelardoni,17.02.2002
899,Rawley,Coleford,18.08.2002
900,Romain,Cambden,03.11.2011
901,Kelila,Goudge,04.07.2003
902,Hervey,Oland,26.12.2010
903,Katee,Seldon,17.12.2010
904,Willow,Silverthorn,02.10.2003
905,Paulina,Trustie,02.07.2015
906,Gerek,Iannuzzelli,14.12.2015
907,Lisabeth,Acey,02.06.2006
908,Terrance,Hamper,15.06.2016
909,Cornelius,Brooksby,26.01.2008
910,Wilmer,Martlew,25.09.2005
911,Isacco,Brayshay,08.10.2010
912,Morganica,Linnane,15.08.2007
913,Will,Sibly,16.02.2010
914,Orbadiah,Castagneto,21.12.2014
915,Andi,Stanett,19.05.2009
916,Jan,Houdmont,12.10.2007
917,Guthry,Soans,29.01.2012
918,Free,Gillespey,10.08.2008
919,Lillis,Crowcher,18.07.2008
920,Tymon,Ashbrook,21.06.2013
921,Chic,Grunson,26.07.2011
922,Kasey,Eynaud,01.01.2014
923,Evonne,Curr,01.02.2002
924,Shaine,Yansons,09.06.2008
925,Margy,Clows,10.08.2014
926,Jacki,Christmas,12.10.2006
927,Uriel,Hek,27.08.2001
928,Clair,Caseborne,30.07.2004
929,Anthe,Zelner,08.06.2002
930,Inger,Marwood,13.04.2016
931,Kippy,Pople,12.10.2002
932,Jayme,Kubach,30.12.2012
933,Engelbert,Plaskitt,11.04.2004
934,Matti,Gilks,29.07.2010
935,Bernadina,Ledekker,04.04.2004
936,Hedwiga,Riddeough,27.11.2010
937,Dukie,Mosson,14.02.2004
938,Myrtice,Garthside,09.12.2001
939,Federica,Spacey,01.10.2011
940,Kathy,Loxley,30.08.2005
941,Tish,Nortunen,05.10.2015
942,Norby,Spriggen,25.09.2007
943,Chaunce,Kuhnt,24.12.2008
944,Sanderson,Hammill,08.01.2012
945,Isidro,Brim,25.06.2002
946,Starlene,Grugerr,20.11.2001
947,Malachi,Ingleton,06.04.2014
948,Fedora,Zanettini,14.12.2013
949,Hailee,Lidgate,04.01.2009
950,Conn,Josifovic,27.10.2014
951,Frances,Bohills,24.07.2002
952,Loraine,Philot,26.05.2012
953,Melantha,Colisbe,14.05.2002
954,Evelina,Niles,04.03.2006
955,Kamila,Cady,29.06.2014
956,Lyndsey,Vanichev,06.09.2014
957,Farrell,Philippet,09.01.2007
958,Karna,Gloster,18.11.2013
959,Sylvan,Stonner,11.02.2009
960,Cesare,Massingham,22.12.2014
961,Sybyl,Salatino,25.01.2013
962,Cornelle,Kempe,29.05.2007
963,Cesaro,Uden,03.12.2001
964,Lila,Blinde,17.10.2006
965,Joye,Wearne,12.08.2014
966,Clemmy,Reina,15.09.2001
967,Nicolas,Dayly,25.05.2002
968,Reinaldos,LaBastida,23.08.2003
969,Tova,Cranna,11.03.2008
970,Althea,Chatelet,21.02.2002
971,Banky,Cartin,03.12.2007
972,Suzanne,McKitterick,20.06.2002
973,Emmie,Dyers,12.03.2004
974,Lacie,Metzel,09.03.2015
975,Regen,Lazenby,19.01.2004
976,Earle,Schofield,23.05.2006
977,Goddart,Gedney,12.01.2011
978,Kore,Duckering,28.03.2015
979,Stearn,Marcinkowski,12.05.2011
980,Maressa,Nower,18.03.2002
981,Briana,Hansemann,07.05.2014
982,Gottfried,Claque,11.01.2002
983,Tony,O'Scandall,15.11.2005
984,Millisent,Matthensen,14.02.2005
985,Griz,Pharo,10.02.2001
986,Pammy,Stracey,23.12.2008
987,Sonnnie,McNysche,14.12.2014
988,Isabelle,Marrows,18.07.2012
989,Rania,Frandsen,02.06.2011
990,Eugenia,Melmeth,05.05.2010
991,Phebe,Jenny,08.04.2013
992,Brit,Lydster,16.01.2010
993,Rhianon,Chardin,08.04.2010
994,Nada,Salter,07.04.2010
995,Gilbertina,Donaghy,11.11.2007
996,Alayne,Devenport,25.01.2002
997,Brig,Pullan,07.07.2002
998,Lucias,Smogur,19.04.2013
999,Vinita,Slaymaker,20.04.2014
1000,Bettye,Keppy,15.11.2004
